uniq_ID,Serial No.,GRE Score,TOEFL Score,University Rating,SOP,LOR ,CGPA,Research,ChanceofAdmit
1,1,337,118,4,4.5,4.5,9.65,1,0.9253384394680365
2,2,324,107,4,4.0,4.5,8.87,1,0.8315588989795708
3,3,316,104,3,3.0,3.5,8.0,1,0.7233881926728416
4,4,322,110,3,3.5,2.5,8.67,1,0.7840428037503513
5,5,314,103,2,2.0,3.0,8.21,0,0.6446975404430071
6,6,330,115,5,4.5,3.0,9.34,1,0.9004699142906003
7,7,321,109,3,3.0,4.0,8.2,1,0.7538713338999925
8,8,308,101,2,3.0,4.0,7.9,0,0.6756628022400012
